"Alias","TotalInProgressDuration","TotalIdleDuration","OverallDuration","TotalQueuedDuration","TotalDataReplicationWaitDuration","TotalSuspendedDuration","SourceProviderDuration","DestinationProviderDuration","RelinquishedDurationInTicks","TotalStalledDueToCIInTicks","TotalStalledDueToHAInTicks","TotalStalledDueToTargetCpuInTicks","TotalStalledDueToSourceCpuInTicks","TotalStalledDueToMailboxLockedDurationInTicks","TotalStalledDueToSourceProxyUnknownInTicks","TotalStalledDueToTargetProxyUnknownInTicks","SourceLatencySampleCount","AverageSourceLatency","TotalNumberOfSourceSideRemoteCalls","DestinationLatencySampleCount","AverageDestinationLatency","TotalNumberOfDestinationSideRemoteCalls","WordBreaking_TotalTimeProcessingMessagesInTicks","TotalTransientFailureDurationInTicks","TotalInProgressDurationInTicks","MailboxSizeInMB","TransferredMailboxSizeInMB","PerMoveRate","BytesTransferredInMB","PerMoveTransferRate"
"gemnrkl1dcnorrkoping","01:08:13.5465278","17:12:47.3538807","2.20:19:27.3825368","19:20:21.2913010",,"1.04:53:17.6371299","00:06:18.1148635","00:45:20.2342040","682549075781",,,"0","0","0","0","0","0","0","0","0","0","0","4022768497","0","40935465278","3094,15972423553","2939,45173802376","2585,05092955976","3154,48861122131","2774,16145713137"
"ktn05","05:29:34.1137214","03:55:14.7372105","2.20:17:50.1635732","13:14:08.8415499",,"1.22:18:29.0061001","00:19:08.2044829","04:28:41.8885918","117382022018",,,"0","0","0","0","0","0","0","0","0","0","0","9728139473","0","197741137214","14410,5669698715","13690,0386213779","2492,35640754024","14387,7850370407","2619,3854684517"
"eae05","01:09:06.5250505","01:56:12.0938214","2.20:15:41.0851730","13:23:01.9677782",,"2.04:01:13.8295350","00:03:00.2661008","00:51:34.1184657","61387628093",,,"0","0","0","0","0","0","0","0","0","0","0","3185375631","0","41465250505","2987,47353744507","2838,09986057282","2464,02936763402","2988,96805000305","2595,01265492499"
"tki06","02:39:50.7922994","1.08:31:25.4342995","2.20:26:39.2897289","19:34:03.0000414",,"12:52:24.4563263","00:09:02.8176049","01:59:48.8700604","1200210410618",,,"0","0","0","0","0","0","0","0","0","0","0","11632776172","0","95907922994","5763,01431274414","5474,86359710693","2055,04491540475","5767,59965419769","2164,92632797508"
"jon07","03:45:21.8058139","2.03:58:07.1893863","2.20:34:08.1969359","07:17:47.5148905",,"04:32:48.4326388","00:09:21.1485833","02:35:00.8249967","1906904435927",,,"0","0","0","0","0","0","0","0","0","0","0","15738687489","0","135218058139","17152,4097747803","9433,82537612915","2511,62986819063","7584,58849811554","2019,2952752766"
"mcd06","00:03:46.6871340","00:04:50.3414349","2.20:53:29.4807063","00:00:02.9040271",,"2.20:45:34.7558099","00:00:11.0042862","00:02:41.7665390","2451337353",,,"0","0","0","0","0","0","0","0","0","0","0","151453992","0","2266871340","123,59120464325","117,411644411087","1864,6048076108","125,445724487305","1992,19338206595"
"sug07","04:45:48.3686616","2.00:26:53.0663899","2.20:33:23.7124659","10:56:59.2579238",,"04:35:23.1051112","00:19:24.2108446","03:36:34.4614892","1737129807693",,,"0","0","0","0","0","0","0","0","0","0","0","30761092989","0","171483686616","9416,82151126862","8851,8122205925","1858,28311852725","9452,86382484436","1984,46338779986"
"onj07","03:14:19.2993045","1.20:23:40.0404647","2.20:33:15.5874406","05:55:44.8012290",,"12:25:52.1091519","00:14:15.6997004","02:08:26.6186444","1690393777552",,,"438282176","0","0","0","0","0","0","0","0","0","0","13023491260","0","116592993045","6105,6296672821","5800,348183918","1790,95269078867","6226,88313865662","1922,65235789186"
"rkp03","02:53:03.7443757","1.08:28:44.1023338","2.20:22:33.4141907","17:03:04.0345711",,"14:31:26.4805847","00:10:54.9775442","02:09:55.1738513","1220991546592",,,"0","0","0","0","0","0","0","0","0","0","0","13959525869","0","103837443757","5416,49183177948","5145,66724019051","1783,9809412139","5465,89031124115","1895,00091763783"
"jjo05","02:24:10.5862075","1.08:57:27.3446127","2.20:25:52.5239828","09:52:46.5193106",,"20:05:09.0550653","00:10:45.6809658","01:42:45.3329867","1298263633994",,,"0","0","0","0","0","0","0","0","0","0","0","12400898938","0","86505862075","4454,94471931458","4232,19748334885","1761,25762747112","4532,90061092377","1886,39726925992"
"she07","01:20:21.3779419","16:50:11.1350074","2.20:35:18.0564694","01:43:24.6103370",,"2.00:45:35.1501415","00:05:54.0026272","00:57:05.6564007","603569180490",,,"1393284003","0","0","0","0","0","0","0","0","0","0","10200349301","0","48213779419","2324,36322116852","2208,14506011009","1648,76562513655","2419,05729675293","1806,24841554709"
"mkn04","03:10:05.1610204","1.18:53:11.5420350","2.20:49:38.3551877","06:40:13.2343002",,"16:55:40.4055934","00:13:26.3138107","02:04:50.4187832","1514195542737",,,"1543918571","0","0","0","0","0","0","0","0","0","0","17526273469","0","114051610204","5492,15715026855","5217,54929275513","1646,90155801586","5638,28076457977","1779,70400559722"
"gkc01","08:33:45.7278162","02:47:27.9832250","1.00:03:30.6734772","13:07:08.4657159",,"00:00:00","00:21:08.3853128","07:45:15.3682258","-1507629946567",,,"0","0","0","0","0","0","0","0","0","0","0","25693588801","0","308257278162","15097,3777484894","14342,5088610649","1674,99798245473","15229,876206398","1778,62967810347"
"neg05","01:20:49.8630988","18:48:06.2738905","2.20:25:44.0239763","07:32:44.0537690",,"1.15:25:52.9256085","00:06:28.7414282","00:55:26.5133782","723771815000",,,"0","0","0","0","0","0","0","0","0","0","0","7265529277","0","48498630988","2183,3305644989","2074,16403627396","1539,62913560051","2306,06832695007","1711,76913819988"
"jfj07","02:47:13.7574997","1.13:57:27.8449323","2.20:31:30.8216046","10:10:06.3236946",,"17:47:49.5685746","00:10:35.2658521","01:59:46.2972428","1359811718357",,,"0","0","0","0","0","0","0","0","0","0","0","15746896016","0","100337574997","4665,5790681839","4432,3001147747","1590,25972210969","4721,9903717041","1694,19734716959"
"han05","03:24:08.3220728","1.12:09:34.3688999","2.20:25:53.9302472","23:18:47.1828875",,"04:32:51.8076454","00:14:58.8987563","02:31:43.4492229","1338066176415",,,"0","0","0","0","0","0","0","0","0","0","0","16640091027","0","122483220728","7851,77576541901","5731,79630875587","1684,67701852357","5583,35410499573","1641,04721108054"
"obn05","04:11:20.4407203","1.23:45:23.2782251","2.20:35:01.7439338","06:30:05.3431329",,"10:00:35.8403890","00:18:40.9932054","02:58:30.6618659","1723801196916",,,"1515628320","0","0","0","0","0","0","0","0","0","0","29174484666","0","150804407203","6699,55369663239","6364,57601180077","1519,35040012723","6853,73218345642","1636,12167031895"
"fgl07","03:54:35.5100767","1.19:30:49.4995695","2.20:36:04.3846924","05:24:22.9389550",,"15:03:54.2974130","00:14:19.3293689","02:58:26.0900198","1591916382477",,,"1110158524","0","0","0","0","0","0","0","0","0","0","21222862564","0","140755100767","6063,11533737183","5759,95957050324","1473,18671513986","6336,59048843384","1620,66778639329"
"tjh05","01:35:16.2807436","20:20:26.9957942","2.20:34:26.5094842","05:47:56.4055088",,"1.16:27:38.3086044","00:06:44.8538928","01:03:33.4046747","746155146274",,,"1466721621","0","0","0","0","0","0","0","0","0","0","10310259559","0","57162807436","2421,78049659729","2300,69147176743","1448,92976217725","2543,23754692078","1601,68045965299"
"whn05","02:58:56.5551271","1.12:24:07.9201862","2.20:36:27.1503715","04:39:26.2912985",,"23:42:13.8625942","00:13:11.1406456","02:12:42.7018867","1341504413517",,,"1092502119","0","0","0","0","0","0","0","0","0","0","18996651419","0","107365551271","4603,00355625153","4372,85337843895","1466,2312050767","4763,08094978333","1597,07571155102"
"adf05","03:13:03.7916703","1.13:31:07.8897540","2.20:18:54.3043414","21:49:57.5643971",,"04:32:40.5888737","00:13:11.3340278","02:17:38.1492206","1393923594003",,,"0","0","0","0","0","0","0","0","0","0","0","13879443682","0","115837916703","4926,10660076141","4630,54020471573","1439,07497747194","5032,79629611969","1564,08775137801"
"lmn05","04:58:26.2247783","2.03:46:47.9733529","2.20:37:05.6191971","06:19:47.4053947",,"04:35:26.1364524","00:18:23.0427834","03:49:45.3467816","1898058525717",,,"1662503506","0","0","0","0","0","0","0","0","0","0","29545306011","0","179062247783","10092,5573759079","7771,26917944908","1562,39349122438","7704,20102500916","1548,90961290982"
"azs03","00:44:46.8873728","07:30:52.0210655","2.20:23:22.0705499","2.06:24:01.1423231",,"05:56:07.6994368","00:02:30.9639971","00:29:28.7118254","263063414172",,,"0","0","0","0","0","0","0","0","0","0","0","2292161141","0","26868873728","1116,23434448242","1060,4226272583","1420,79697748985","1154,29695034027","1546,57357926193"
"JLF05","00:40:47.8765889","05:27:37.5088233","2.20:26:07.7740268","2.03:32:46.5418258",,"10:50:29.8468131","00:01:54.6998977","00:32:58.4606979","193235087990",,,"0","0","0","0","0","0","0","0","0","0","0","3139107070","0","24478765889","985,830040931702","936,538538885117","1377,3319926645","1017,61863327026","1496,57343690647"
"bkn07","03:08:54.5423668","1.12:10:36.8213241","2.20:31:36.3684895","07:45:33.5546442",,"18:54:04.2490034","00:11:52.5324589","02:21:04.3586335","1393840224751",,,"0","0","0","0","0","0","0","0","0","0","0","15833877998","0","113345423668","4522,96779346466","4296,81940379143","1364,72645767844","4685,37239551544","1488,13600743703"
"ann106","00:26:56.4889002","00:27:23.0366344","2.20:53:27.0744505","00:00:02.2946497",,"2.20:02:08.9688630","00:00:57.3842529","00:22:45.5722849","14593220376",,,"12971357","0","0","0","0","0","0","0","0","0","0","1320940116","0","16164889002","654,078355789185","621,374437999725","1383,83132511596","666,600853919983","1484,55276978087"
"mte05","00:44:01.0570372","07:59:53.6461023","2.20:35:55.7753002","01:01:13.8653918",,"2.11:01:52.9308305","00:03:00.2789688","00:29:40.1023842","281279220407",,,"1275627794","0","0","0","0","0","0","0","0","0","0","4942678889","0","26410570372","1021,13086414337","970,074320936203","1322,29918028305","1087,43680095673","1482,27487263758"
"APN05","00:19:26.7263336","05:36:07.0853609","2.20:33:49.5718955","01:50:50.4726422",,"2.11:20:54.3431748","00:00:57.6566840","00:13:02.5962382","253580297449",,,"0","0","0","0","0","0","0","0","0","0","0","1914376234","0","11667263336","443,33016204834","421,163653945923","1299,52424192487","478,231645584106","1475,61075337229"
"cva02","01:06:33.8942453","15:12:03.1555983","2.20:35:28.5096110","02:18:56.8825210",,"1.21:44:04.5485664","00:05:28.6448305","00:47:24.0346724","699531842783",,,"875001631","0","0","0","0","0","0","0","0","0","0","6539350107","0","39938942453","1553,85237121582","1476,15975265503","1330,57481825209","1627,50826740265","1466,99672119371"
"ekt07","02:32:30.4190485","1.08:17:17.1909761","2.20:32:21.5248331","05:06:46.7010854",,"1.03:19:11.6718579","00:10:37.6667375","01:50:30.8515853","1208327328413",,,"0","0","0","0","0","0","0","0","0","0","0","13986972748","0","91504190485","3589,73559093475","3410,24881138802","1341,67579166873","3727,42747783661","1466,46168323969"
"DNN06","00:35:54.4293552","00:51:24.3128193","2.20:53:21.1056896","00:00:04.4352856",,"2.19:31:55.9024627","00:01:22.1361360","00:28:13.6098625","27263385861",,,"591740676","0","0","0","0","0","0","0","0","0","0","1526745843","0","21544293552","856,424676895142","813,603443050385","1359,51192268706","873,619009971619","1459,79650170793"
"ydm03","02:22:52.8130998","1.05:13:53.8688034","2.20:24:50.0707396","12:28:38.4183829",,"21:36:10.6449504","00:07:41.1639339","01:53:15.8090214","1150281943065",,,"0","0","0","0","0","0","0","0","0","0","0","11393408706","0","85728130998","3251,9277677536","3089,33137936592","1297,30962710207","3449,2870092392","1448,46657552243"
"gemnrkl1transport","04:20:22.1596963","1.18:29:40.6139932","2.20:18:37.6949271","15:16:03.4111603",,"04:33:09.9951854","00:11:58.4885356","03:23:50.1776194","1589421288851",,,"0","0","0","0","0","0","0","0","0","0","0","25750960171","0","156221596963","6291,49441814423","5662,3449763298","1304,84147589499","6163,71835899353","1420,37890558961"
"esg05","02:21:08.2629036","19:58:05.9748253","2.20:26:58.8991294","1.17:54:00.9107059",,"04:36:03.1365061","00:07:44.2644860","01:49:54.8412342","705465890138",,,"0","0","0","0","0","0","0","0","0","0","0","12122364270","0","84682629036","4127,85920333862","3261,00877063751","1386,30929482649","3307,67687892914","1406,14868712718"
"apn03","02:14:46.0706444","19:58:48.2557007","2.20:26:14.8834196","1.18:00:33.7900724",,"04:35:16.2301376","00:07:26.2957469","01:42:49.1271674","705387925652",,,"0","0","0","0","0","0","0","0","0","0","0","10494106305","0","80860706444","6612,53479099274","3703,01948295593","1648,62152767286","3115,75381851196","1387,16494573433"
"can06","01:22:50.3103409","02:03:28.6097358","2.20:53:12.9337844","00:00:01.9821468",,"2.17:37:34.6533028","00:03:10.5599618","01:08:17.9887000","67659879939",,,"1630177734","0","0","0","0","0","0","0","0","0","0","3990792269","0","49703103409","1855,19781780243","1762,43792691231","1276,53528687616","1895,16986751556","1372,67314415233"
"arh07","01:16:35.5191889","15:58:39.2511660","2.20:25:45.8052376","19:22:45.7914562",,"1.06:48:27.8395174","00:05:46.2922709","00:58:39.4581948","610766550751",,,"0","0","0","0","0","0","0","0","0","0","0","7002178128","0","45955191889","1643,4711151123","1561,29755935669","1223,07643220384","1710,21410274506","1339,73344834535"
"abo07","00:55:14.4737202","11:18:09.0164728","2.20:32:03.2904178","03:09:51.7797158",,"2.05:22:19.6838600","00:04:00.8228047","00:37:13.7838719","398773531218",,,"0","0","0","0","0","0","0","0","0","0","0","5578808676","0","33144737202","1195,37458324432","1135,60585408211","1233,43294284708","1231,40743732452","1337,4873806816"
"mio07","04:31:47.9338602","1.22:51:51.9686060","2.20:35:13.1814625","06:32:50.3046324",,"10:49:43.5654259","00:17:00.7964991","03:30:40.9290811","1680513775440",,,"610938626","0","0","0","0","0","0","0","0","0","0","28140461548","0","163079338602","5720,71849918365","5434,68257422447","1199,71404317237","6009,94753742218","1326,70461630475"
"elg05","00:17:20.8461798","03:47:31.7799447","2.20:36:16.5253451","01:14:47.6398583",,"2.15:10:16.7124170","00:00:56.1482823","00:10:41.9946667","140313268900",,,"757814080","0","0","0","0","0","0","0","0","0","0","1780820654","0","10408461798","350,318398475647","332,802478551865","1151,07202777737","379,188077926636","1311,50702863529"
"rjl03","00:13:05.3192360","02:07:59.8466770","2.20:24:53.6019959","2.13:35:32.7081792",,"04:32:29.9013459","00:00:40.9969549","00:08:00.5549181","74256732348",,,"0","0","0","0","0","0","0","0","0","0","0","978057092","0","7853192360","1245,57940483093","498,231761932373","2283,9556969117","284,955218315125","1306,26978037559"
"HFR03","10:43:08.3022950","05:22:09.0900899","2.20:24:59.0082548","08:19:42.2416212",,"1.20:45:00.5878120","00:25:18.5314685","09:29:20.5118496","166278765266",,,"0","0","0","0","0","0","0","0","0","0","0","26806051829","0","385883022950","13465,5467987061","12792,2694587708","1193,42306638719","13800,9536399841","1287,52575648762"
"non05","00:45:58.9256851","08:04:08.9763754","2.20:24:26.0237637","2.06:04:30.5601717",,"05:43:07.6977648","00:02:13.3675585","00:29:51.8241966","282488401421",,,"0","0","0","0","0","0","0","0","0","0","0","2440831838","0","27589256851","942,271856307983","895,158263492584","1168,05239299387","973,586721420288","1270,39021603295"
"ufr05","02:59:27.7630043","1.00:47:26.8503381","2.20:26:43.1647275","1.11:22:33.4135828",,"04:32:59.1357795","00:06:57.6039986","02:22:13.0196261","919028523609",,,"0","0","0","0","0","0","0","0","0","0","0","14844751682","0","107677630043","7781,11584949493","4513,04719270706","1508,85284968265","3795,28986549377","1268,88412294377"
"DIN06","00:22:06.5359810","00:26:31.0223514","2.20:52:45.4962324","00:00:01.8259022",,"2.20:06:52.5007204","00:00:39.7837806","00:18:33.7428439","14246336288",,,"50010069","0","0","0","0","0","0","0","0","0","0","877812429","0","13265359810","451,907257080078","429,311894226074","1165,08171760919","462,077001571655","1254,0008182846"
"ahc03","00:38:58.1447499","04:56:08.2807174","2.20:25:37.4458355","2.10:22:18.3239832",,"04:33:14.6201876","00:02:22.0941431","00:31:14.3705749","174663569148",,,"0","0","0","0","0","0","0","0","0","0","0","3894268609","0","23381447499","7015,15564537048","2244,84980651855","3456,35543043793","811,302784919739","1249,148507951"
"shd03","00:31:45.4100106","05:05:09.6174494","2.20:34:08.3844423","01:15:38.8900307",,"2.13:50:59.4834234","00:02:01.1655751","00:20:06.9379001","177446009776",,,"1277502603","0","0","0","0","0","0","0","0","0","0","3624451150","0","19054100106","618,92150592804","587,975430631638","1110,8955754921","661,094566345215","1249,04373631025"
"cen03","00:38:05.3352136","07:53:13.1868569","2.20:34:57.7282934","00:19:34.7732621",,"2.11:23:01.7263778","00:02:23.4070968","00:22:57.4393837","296558934399",,,"1612190809","0","0","0","0","0","0","0","0","0","0","3971418752","0","22853352136","719,551162719727","683,57360458374","1076,80700925487","786,578490257263","1239,06661398067"
"ase05","01:34:33.7190908","19:23:07.0474920","2.20:33:50.8687772","04:13:01.1472642",,"1.16:34:53.2470383","00:06:24.1569382","01:14:46.8562133","798827553839",,,"775313928","0","0","0","0","0","0","0","0","0","0","10672573652","0","56737190908","1772,78495311737","1684,1457054615","1068,5979412503","1929,05415725708","1223,99344327537"
"kvalite04","00:07:01.0246930","03:23:06.7390038","2.20:15:28.9914013","17:29:56.7027872",,"1.22:18:54.6467606","00:00:23.2188955","00:04:11.1998646","155766171605",,,"0","0","0","0","0","0","0","0","0","0","0","582647765","0","4210246930","131,793297767639","125,203632879257","1070,56209732888","142,247029304504","1216,29280659844"
"rbt06","00:11:00.4450701","00:10:08.6682044","2.20:53:25.1681915","00:00:04.1227808",,"2.20:33:47.2732278","00:00:20.5804422","00:08:52.2607907","5133271128",,,"44540125","0","0","0","0","0","0","0","0","0","0","441186852","0","6604450701","214,16252040863","203,454394388199","1109,00338719557","219,482221603394","1196,36898440711"
"cnn03","00:53:10.4757725","09:00:31.2574137","2.20:23:56.4768706","2.03:43:01.0419378",,"06:47:10.6279063","00:02:58.6218975","00:36:57.8970171","324343312540",,,"0","0","0","0","0","0","0","0","0","0","0","2910840107","0","31904757725","1007,51572227478","957,139936161041","1079,99684557384","1052,46337032318","1187,55583910752"
"lpn13","00:06:36.4906161","01:21:51.3246826","2.20:24:55.0394943","2.14:26:06.1678386",,"04:32:31.5575945","00:00:21.8204847","00:04:06.3685023","47808234451",,,"0","0","0","0","0","0","0","0","0","0","0","785059121","0","3964906161","505,938775062561","207,43489777565","1883,43835054093","130,720781326294","1186,90025353833"
"nsn06","00:35:18.6005643","00:49:36.2927496","2.20:53:20.2463066","00:00:01.6383926",,"2.19:33:24.5901418","00:01:09.0546010","00:28:51.3335649","26754172079",,,"50010069","0","0","0","0","0","0","0","0","0","0","1348882722","0","21186005643","666,137022972107","632,830171823502","1075,3271083534","688,149706840515","1169,3279924356"
"dpn05","01:05:31.6643325","07:53:47.4916057","2.20:26:09.9927802","2.06:23:51.6716348",,"04:35:46.5114048","00:03:51.3956611","00:50:51.2606904","300601454081",,,"0","0","0","0","0","0","0","0","0","0","0","5628341142","0","39316643325","3778,23403644562","1775,76999712944","1625,9709499669","1271,16260623932","1163,93084339215"
"rsy06","00:31:02.1357139","00:29:28.3067680","2.20:53:18.9650588","00:00:03.5446540",,"2.19:56:17.2962256","00:00:52.3934619","00:26:29.1314781","15559884653",,,"50010069","0","0","0","0","0","0","0","0","0","0","1438255120","0","18621357139","575,669611930847","546,886131334305","1057,27528778239","597,936187744141","1155,96852571536"
"cas07","00:22:39.3248453","06:30:57.8235094","2.20:32:19.4467054","03:13:10.0301538",,"2.10:34:18.6147214","00:01:26.2487385","00:12:10.4575480","229314769849",,,"0","0","0","0","0","0","0","0","0","0","0","2104583714","0","13593248453","395,531711578369","375,755125999451","995,139946330842","430,455465316772","1140,006879517"
"gemjnkr1transport","00:56:46.2349256","09:42:53.7766336","2.20:15:07.7726019","17:29:11.1245580",,"1.13:44:04.4124813","00:03:01.4060532","00:47:01.6614795","435060006370",,,"0","0","0","0","0","0","0","0","0","0","0","10356665769","0","34062349256","1012,8401966095","962,198186779022","1016,93322629364","1073,15258598328","1134,19931212151"
"toj07","06:51:47.5127809","07:28:35.2634082","2.20:35:22.1033482","01:16:21.2184694",,"2.05:40:24.7330595","00:13:02.6211044","05:53:50.2994752","244086390384",,,"535782211","0","0","0","0","0","0","0","0","0","0","19144934400","0","247075127809","7364,77722072601","6996,53835968971","1019,42831389949","7438,29033279419","1083,79363942936"
"mbn03","03:56:07.2828104","03:18:48.1966407","2.20:34:05.8531848","01:09:10.7016402",,"2.12:28:53.0821911","00:08:34.2439678","03:27:28.8975376","107947865431",,,"934376998","0","0","0","0","0","0","0","0","0","0","10338748702","0","141672828104","4130,88219928741","3924,33808932304","997,200190793966","4242,51930141449","1078,05213529587"
"aon15","01:04:34.0477828","14:22:32.0295718","2.20:25:46.4302293","1.19:04:13.2008393",,"10:15:54.7642367","00:03:10.6530664","00:39:16.7503433","504644173705",,,"0","0","0","0","0","0","0","0","0","0","0","3193372564","0","38740477828","1115,3589220047","1059,59097590446","984,636155029325","1153,19554042816","1071,61918961693"
"mmr16","00:39:07.5586101","00:51:31.9881473","2.20:53:18.6525560","00:00:03.8415295",,"2.19:26:36.6517577","00:00:58.8083080","00:33:47.8475420","28506006587",,,"989376971","0","0","0","0","0","0","0","0","0","0","1786548278","0","23475586101","678,772759437561","644,834121465683","988,858308921017","695,971808433533","1067,27836296875"
"lmg01","03:38:53.6380607","1.06:49:22.2922638","2.20:26:09.0240382","1.03:11:43.6196759",,"04:35:39.7769957","00:09:51.2856943","02:55:24.3211875","1187919893059",,,"0","0","0","0","0","0","0","0","0","0","0","15027036510","0","131336380607","10656,3108491898","5221,59231610298","1431,2662075118","3839,68294048309","1052,4775025666"
"LRE03","01:18:10.9011340","01:40:49.4179849","2.20:33:21.6970815","03:08:51.6389672",,"2.14:35:50.4113243","00:02:44.6588375","01:04:30.7537719","54287456560",,,"0","0","0","0","0","0","0","0","0","0","0","3626591377","0","46909011340","1314,61200428009","1248,88140406609","958,445493990646","1349,37624740601","1035,56957435156"
"jam03","05:52:44.3050348","05:42:23.6205327","2.20:34:45.7751449","00:35:16.6191260",,"2.08:54:49.6175588","00:12:20.1935689","05:07:49.9918602","187152334253",,,"847032972","0","0","0","0","0","0","0","0","0","0","17243105310","0","211643050348","6002,87975311279","5702,73576545715","970,022342897108","6083,00623321533","1034,70548187467"
"jed05","00:47:11.7155142","06:27:10.8472214","2.20:26:13.4615392","2.08:49:45.1087672",,"04:33:12.5576891","00:02:27.1466836","00:33:13.4351345","225640795687",,,"0","0","0","0","0","0","0","0","0","0","0","2894044145","0","28317155142","2259,13674640656","1084,38563827515","1378,5948052389","798,713021278381","1015,41516518283"
"mpn03","04:28:19.2271099","04:17:03.3486539","2.20:31:28.2747159","02:46:32.2610811",,"2.09:23:46.9337999","00:08:18.3398814","03:54:01.1508768","139698527250",,,"0","0","0","0","0","0","0","0","0","0","0","12166814868","0","160992271099","4216,83468055725","4005,99294652939","895,792978697558","4404,81469917297","984,974794676414"
"mnd03","00:52:24.9345061","06:09:42.3454098","2.20:25:32.7270733","2.08:57:01.5003253",,"04:35:17.6051356","00:03:59.1556738","00:39:07.5757251","216486871063",,,"0","0","0","0","0","0","0","0","0","0","0","4056546680","0","31449345061","4668,02531909943","1727,16936806679","1977,0871898859","854,790422439575","978,476821954086"
"SVR06","00:15:58.5320476","00:18:53.8368209","2.20:52:46.6056051","00:00:01.1696478",,"2.20:19:54.3148931","00:00:24.7097655","00:13:20.4173660","10125890166",,,"0","0","0","0","0","0","0","0","0","0","0","536484273","0","9585320476","251,805414199829","239,215143489838","898,43059365584","258,639782905579","971,384546600613"
"ssv05","02:20:25.4010919","18:44:43.8293324","2.20:26:37.4615936","1.18:14:31.9477049",,"04:32:55.2607791","00:06:32.8049740","01:54:59.7836345","695248520177",,,"0","0","0","0","0","0","0","0","0","0","0","9525126590","0","84254010919","4249,08765602112","2549,45259361267","1089,32847669759","2258,94811534882","965,20190867517"
"ank05","04:15:32.0012244","02:33:01.0089560","2.20:13:56.5693228","13:57:14.3629658",,"1.23:51:42.6900570","00:08:56.4870282","03:41:32.5967391","77675150756",,,"0","0","0","0","0","0","0","0","0","0","0","7991541989","0","153320012244","3994,62910842896","3794,89765300751","891,053382456383","4061,72329139709","953,70484485477"
"car05","07:14:17.0577129","04:48:22.6590793","2.20:24:22.9769302","08:15:49.7254892",,"2.00:41:41.7121279","00:11:22.9120932","06:24:38.2572181","151544816002",,,"0","0","0","0","0","0","0","0","0","0","0","15900457891","0","260570577129","6599,48723602295","6269,5128742218","866,185530073286","6808,87802314758","940,703327037428"
"mkn05","03:00:29.0708060","03:35:03.8095429","07:24:42.4532615","01:04:03.6541102",,"00:00:00","00:06:34.0109673","02:37:53.3595931","-2083412188576",,,"1142033613","0","0","0","0","0","0","0","0","0","0","9100017553","0","108290708060","2679,27741909027","2545,31354813576","846,160205011474","2793,37555885315","928,625566498243"
"ein03","05:25:37.3468235","04:45:08.3673422","2.20:24:54.5238706","04:09:04.6623818",,"2.06:33:26.1149248","00:12:16.6053448","04:43:08.2790223","154063997405",,,"0","0","0","0","0","0","0","0","0","0","0","14001075929","0","195373468235","4758,90929985046","4520,96383485794","833,04401321842","4975,17175197601","916,737490966292"
"lkn06","00:27:08.7790050","00:21:44.6995928","2.20:53:27.8556976","00:00:02.5759080",,"2.20:06:42.7662958","00:00:43.3464399","00:24:02.0206383","11737344888",,,"105177377","0","0","0","0","0","0","0","0","0","0","1341659564","0","16287790050","385,928812980652","366,632372331619","810,347221042323","409,817122459412","905,796081804162"
"pje05","00:09:21.5647454","01:16:36.1558070","2.20:25:13.9145394","2.14:26:20.9959876",,"04:34:53.3391687","00:00:34.2192416","00:06:42.6995340","44780146377",,,"0","0","0","0","0","0","0","0","0","0","0","1905182564","0","5615647454","6410,57996177673","1666,75079006195","10684,9706883737","139,826990127563","896,38313049847"
"ajn06","02:25:58.5591863","02:21:11.6626812","2.20:53:15.6994201","00:00:10.8259258",,"2.16:17:41.5336437","00:04:20.4682408","02:09:02.4957066","77647806643",,,"1095939796","0","0","0","0","0","0","0","0","0","0","8506511151","0","87585591863","2051,43037319183","1948,85885453224","801,032650129284","2119,27445220947","871,077978200783"
"gsn05","01:00:21.5943302","08:36:07.4612337","2.20:25:41.4770954","2.06:28:05.6818283",,"04:35:16.0582157","00:02:47.9286480","00:42:54.8844818","301181427212",,,"0","0","0","0","0","0","0","0","0","0","0","6562735341","0","36215943302","2633,02782535553","1237,5230779171","1230,14415042326","875,27232837677","870,053378392152"
"mss05","12:54:42.7451479","06:44:11.2932373","2.20:25:34.2426954","04:30:38.3057824",,"1.21:05:32.8560928","00:23:16.4495948","11:38:01.8830269","212803356723",,,"0","0","0","0","0","0","0","0","0","0","0","29789668480","0","464827451479","10279,5563907623","9765,57857122421","756,325443872702","10661,8338060379","825,738703245897"
"hbn07","01:13:37.7800854","01:26:39.8039312","2.20:41:05.8853447","00:00:05.8560463",,"2.18:07:41.7040858","00:02:23.7676233","01:03:36.0965666","47805451272",,,"1532215400","0","0","0","0","0","0","0","0","0","0","3485793227","0","44177800854","947,378611564636","900,009680986404","733,407908252113","1001,61324501038","816,20352582826"
"mrn05","00:04:38.7660867","01:57:16.8428573","2.20:25:14.2114090","11:06:50.2315047",,"2.07:18:55.4645416","00:00:12.6293791","00:01:57.3717743","68897492760",,,"0","0","0","0","0","0","0","0","0","0","0","345952287","0","2787660867","59,7741718292236","56,7854632377625","733,330478165172","62,4494771957397","806,475854240498"
"pkg05","05:00:31.3682406","04:56:11.2564540","2.20:25:46.0083512","04:18:04.3354102",,"2.06:41:46.8191275","00:10:15.1086070","04:17:28.6597640","159234855729",,,"0","0","0","0","0","0","0","0","0","0","0","12891823487","0","180313682406","3784,70780181885","3595,47241172791","717,843510792265","3947,78544807434","788,183537900766"
"fsn15","06:23:56.3424673","05:53:05.5568629","2.20:35:24.4783608","00:17:00.7574140",,"2.08:34:54.4118636","00:12:25.8349720","05:35:54.9412244","191729666159",,,"1033283326","0","0","0","0","0","0","0","0","0","0","20556620852","0","230363424673","4845,57121181488","4603,29265122414","719,378676017279","5033,48912334442","786,607547172994"
"msj05","17:55:18.9547010","07:37:13.6603982","2.20:35:05.8689398","00:35:40.0411330",,"1.19:11:37.5601112","00:30:40.2304275","16:34:53.9411543","247493129946",,,"1033283284","0","0","0","0","0","0","0","0","0","0","55613034421","0","645189547010","13074,5862455368","12420,85693326","693,053462613566","14012,0280590057","781,836922904128"
"cao07","08:49:09.8899575","07:17:19.8863107","2.20:32:12.1810655","02:55:55.9341742",,"2.02:13:07.6476583","00:14:59.8120304","07:47:46.5115140","236387092755",,,"0","0","0","0","0","0","0","0","0","0","0","27971492311","0","317498899575","6598,66609764099","6268,73279275894","710,787914041298","6885,80020713806","780,754855493329"
"jhn05","00:12:17.5512043","00:20:12.7048882","2.20:42:02.4323368","00:00:04.8702883",,"2.20:11:01.3293808","00:00:25.0909469","00:10:10.8603110","11186814634",,,"122211970","0","0","0","0","0","0","0","0","0","0","385714403","0","7375512043","154,044384002686","146,342164802551","714,298600853338","159,90078163147","780,478440706535"
"llm07","02:35:03.7071133","02:41:29.3926398","2.20:34:33.4157479","01:29:08.5635997",,"2.14:04:23.5476464","00:05:31.7760318","02:13:05.1741854","87575973885",,,"368438333","0","0","0","0","0","0","0","0","0","0","6429366057","0","93037071133","1916,43000602722","1820,60850572586","704,470867450635","1963,71804237366","759,846034108191"
"jbd07","04:59:49.1625669","04:29:00.0161335","2.20:41:11.6041089","00:01:32.0109560",,"2.11:36:35.3715094","00:08:45.9317273","04:23:40.3547434","145950590766",,,"1177685401","0","0","0","0","0","0","0","0","0","0","16453729405","0","179891625669","3555,42971801758","3377,6582321167","675,938615285721","3761,56647872925","752,766521124328"
"lho05","02:54:38.8089144","02:49:39.1311930","2.20:41:06.6978439","00:07:56.9093009",,"2.15:04:57.5711235","00:05:21.7244194","02:31:56.0186340","92134085051",,,"1181252364","0","0","0","0","0","0","0","0","0","0","9055385616","0","104788089144","1990,25168991089","1890,73910541534","649,564357466383","2105,49038791656","723,342267085671"
"ads05","05:38:15.4399723","05:15:00.9500177","2.20:24:56.6801244","06:20:50.4137667",,"2.03:43:25.8898306","00:10:40.5096670","04:53:02.8655081","169449365548",,,"0","0","0","0","0","0","0","0","0","0","0","14412522353","0","202954399723","3941,02209568024","3743,97099089623","664,104625749533","4066,03071689606","721,23149834662"
"tjl05","04:37:17.1006072","04:08:25.7099948","2.20:40:55.8853239","00:12:11.4679675",,"2.12:08:43.9077305","00:06:23.8228727","04:03:45.7628306","133634090187",,,"1637034585","0","0","0","0","0","0","0","0","0","0","12263394471","0","166371006072","3171,89330101013","3013,29863595963","652,029181380321","3231,66844844818","699,280883676248"
"GEMHSTL1Fastighetmartinserverase","00:14:34.8927943","00:26:28.8626382","2.20:19:05.0387429","11:52:30.5498268",,"2.07:48:37.9215157","00:00:25.1204265","00:10:46.3486062","14016746061",,,"0","0","0","0","0","0","0","0","0","0","0","479177787","0","8748927943","159,22341632843","151,262245512009","622,412354280412","169,702185630798","698,288832930298"
"gemitvideokonferens","01:15:17.2961656","08:22:26.7309872","2.20:17:59.1167177","18:56:27.2255525",,"1.11:44:50.3031520","00:03:14.9439420","01:08:50.8470872","444842918476",,,"0","0","0","0","0","0","0","0","0","0","0","8413755699","0","45172961656","647,104367256165","614,749148893356","489,916280643541","870,763271331787","693,943381588767"
"azn05","07:34:32.2611860","05:45:55.6252816","2.20:48:37.4956904","00:00:14.7634686",,"2.07:58:08.4070767","00:14:23.2789003","06:47:29.9298312","189420639591",,,"843595337","0","0","0","0","0","0","0","0","0","0","20024928461","0","272722611860","6071,62442779541","5768,04320640564","761,394715364483","5211,99442195892","687,995021428001"
"fem03","06:07:03.6986643","05:57:22.9461881","2.20:22:43.9923351","07:36:06.2672366",,"2.01:21:53.4985560","00:11:39.0681091","05:13:26.6296783","190605278782",,,"0","0","0","0","0","0","0","0","0","0","0","14691675526","0","220236986643","4053,33035087585","3850,66383333206","629,430597071603","4206,40805053711","687,580647227081"
"agr05","01:39:44.5596342","01:39:13.3250621","2.20:35:17.2439612","00:25:55.9773005",,"2.16:58:15.3981802","00:03:01.1100472","01:28:13.8283066","54813088463",,,"808126781","0","0","0","0","0","0","0","0","0","0","4653254272","0","59845596342","1073,55726623535","1019,87940292358","613,506435718843","1126,00650310516","677,346982727571"
"nhg05","04:42:25.8556031","04:13:59.9919861","2.20:41:52.3385675","00:10:26.6211022",,"2.12:00:12.0160020","00:07:58.2210150","04:07:37.7350179","137278458602",,,"823282948","0","0","0","0","0","0","0","0","0","0","11876352672","0","169458556031","3005,71541118622","2855,42964062691","606,61125333656","3172,28040981293","673,923450240977"
"rnn05","11:08:12.3426432","06:32:14.5081502","2.20:25:40.1177118","05:50:58.0202193",,"1.21:34:06.8910302","00:18:51.9635325","10:05:40.5403502","211428638191",,,"0","0","0","0","0","0","0","0","0","0","0","28401493733","0","400923426432","7035,02756690979","6683,2761885643","600,109464616486","7300,3032951355","655,513999178726"
"cbm05","11:20:46.4527958","03:12:02.3562597","2.20:24:25.2113003","09:59:12.6764022",,"1.20:13:49.6462748","00:21:30.4748498","10:34:31.2572588","102364358275",,,"0","0","0","0","0","0","0","0","0","0","0","29072589918","0","408464527958","6822,54418373108","6481,41697454453","571,239349105964","7292,63342666626","642,735869066653"
"tle05","01:26:22.8086006","08:34:32.4360489","2.20:18:10.8042482","2.05:38:51.6563637",,"04:32:40.1982515","00:03:20.4145952","01:15:48.5484797","312161410324",,,"0","0","0","0","0","0","0","0","0","0","0","7201493355","0","51828086006","6394,96950054169","2110,33993517876","1465,85072922894","914,385571479797","635,135948671959"
"msd05","07:11:09.3002240","06:05:25.1295396","2.20:41:12.8384822","00:09:26.0729628",,"2.07:50:38.2029244","00:14:55.6727701","06:18:29.6222509","197992623710",,,"994092446","0","0","0","0","0","0","0","0","0","0","18877150421","0","258693002240","4273,55195903778","4059,87436108589","564,976538729477","4561,31804847717","634,757988516583"
"ewe05","03:21:49.4449408","03:32:41.1647056","2.20:25:41.9614710","03:27:02.4851172",,"2.10:24:27.2853854","00:06:05.2720409","02:54:03.7007895","115427460276",,,"0","0","0","0","0","0","0","0","0","0","0","7701883903","0","121094449408","2007,36794471741","1906,99954748154","566,929236186773","2099,98704433441","624,302220007818"
"aby05","08:08:49.4169162","04:50:17.0483159","2.20:24:28.2269364","07:14:40.3113494",,"2.00:45:10.7906982","00:13:37.7369113","07:17:55.7475701","153477079726",,,"0","0","0","0","0","0","0","0","0","0","0","18134964035","0","293294169162","4987,15605735779","4737,7982544899","581,534701657938","5081,54895877838","623,727921488196"
"exa09","00:22:05.2219871","00:23:58.9873240","2.20:32:11.1342013","02:25:07.1020742",,"2.17:23:18.0733514","00:00:31.9836626","00:19:05.9740388","13007367886",,,"0","0","0","0","0","0","0","0","0","0","0","969840144","0","13252219871","208,131513595581","197,724937915802","537,124937124345","229,469248771667","623,359183306145"
"kon05","03:13:56.0250283","02:17:16.7838026","2.20:23:42.2737210","11:27:07.4528090",,"2.03:40:12.5925588","00:05:50.6460467","02:52:07.6679850","73462033249",,,"0","0","0","0","0","0","0","0","0","0","0","6135820363","0","116360250283","1876,99379634857","1783,14410653114","551,676261257575","1910,91400527954","591,206223970403"
"tag03","00:14:34.2678194","00:26:41.4562774","2.20:22:18.8360316","10:58:07.8396792",,"2.08:45:15.5381698","00:00:25.8859329","00:11:35.3828353","14611903632",,,"0","0","0","0","0","0","0","0","0","0","0","335044860","0","8742678194","137,954498291016","131,056773376465","539,656583126973","143,175742149353","589,559240658551"
"mjm07","01:49:56.2780615","01:45:17.9840848","2.20:35:16.6502197","01:02:48.7164374",,"2.16:08:02.1104967","00:03:32.6199109","01:35:01.9455503","56695452241",,,"1637815912","0","0","0","0","0","0","0","0","0","0","5053229733","0","65962780615","1016,05756092072","965,25468287468","526,799632451917","1076,45902061462","587,490769503948"
"kjo05","08:04:30.3791178","05:01:12.5885122","2.20:23:30.1018130","08:47:17.6867093",,"1.23:05:32.6997201","00:13:30.4027683","07:13:31.8476047","159693362658",,,"0","0","0","0","0","0","0","0","0","0","0","16610167069","0","290703791178","4510,36617946625","4284,84787049293","530,624395067812","4705,92383861542","582,769345744177"
"nes05","10:54:12.8462728","07:27:54.8463398","2.20:48:47.1832131","00:07:21.8893442",,"2.03:01:43.7438160","00:17:34.6293178","09:50:58.7021470","243287037801",,,"1178283835","0","0","0","0","0","0","0","0","0","0","27173184800","0","392528462728","5949,83289813995","5652,34125323296","518,393707559978","6320,60818576813","579,682535901419"
"ath05","00:42:11.3834563","00:42:53.6932466","2.20:40:18.0571110","00:00:07.0121701",,"2.19:18:25.6350829","00:00:57.2556813","00:37:29.3488650","23740264017",,,"648776672","0","0","0","0","0","0","0","0","0","0","2240222356","0","25313834563","371,380229949951","352,811218452454","501,749501154324","404,84476852417","575,748870863398"
"GEMGBGR1Nattrangering","00:22:11.5501601","00:28:50.3469977","2.20:18:35.7105573","12:18:28.6157084",,"2.07:11:00.4947749","00:00:34.3175939","00:19:34.3920589","16150499139",,,"0","0","0","0","0","0","0","0","0","0","0","1032418119","0","13315501601","191,187050819397","181,627698278427","491,0515077804","211,096807479858","570,724655893112"
"EAL05","01:09:01.0087512","01:16:06.8068055","2.20:37:00.5566879","00:29:57.0246949",,"2.17:47:24.8889583","00:01:44.7688802","01:01:20.8191451","42376342835",,,"1093439611","0","0","0","0","0","0","0","0","0","0","3600622595","0","41410087512","579,233665466309","550,271982192993","478,380813689592","631,26476764679","548,792166370064"
"asm05","00:11:42.4608176","01:15:55.1992187","2.20:25:39.1489639","2.14:26:39.7929018",,"04:33:17.2139463","00:00:29.4568963","00:09:09.3282986","44396812982",,,"0","0","0","0","0","0","0","0","0","0","0","1975199433","0","7024608176","1549,26735115051","433,794858322144","2223,12967617928","92,2945461273193","472,994874210262"
"gemhstl1halmstad","00:47:15.9906526","00:37:29.7702502","2.20:18:04.8042301","11:53:28.5499563",,"2.07:03:15.4625212","00:00:49.7728022","00:42:39.7844435","20448011000",,,"0","0","0","0","0","0","0","0","0","0","0","1952646995","0","28359906526","318,576345443726","302,647528171539","384,180074930315","372,443751335144","472,77923979661"
"pen05","00:04:48.5289489","00:08:24.0148621","2.20:42:00.8698398","00:00:06.1043233",,"2.20:29:21.4331316","00:00:08.2515466","00:03:49.5206814","4648034360",,,"140184331","0","0","0","0","0","0","0","0","0","0","150793255","0","2885289489","33,6176557540894","31,9367729663849","398,477806533144","36,8251810073853","459,470885441495"
"GEMHSTL1OrderhanteringKol","00:06:18.0947340","00:16:11.7051759","2.20:19:14.5856379","11:32:36.1566437",,"2.08:25:11.7074785","00:00:12.3046895","00:05:02.5576905","9086267817",,,"0","0","0","0","0","0","0","0","0","0","0","231206744","0","3780947340","40,6160230636597","38,5852219104767","367,38622992225","46,6246709823608","443,93322742363"
"GEMHSTL1Lagerkontor","03:22:41.5425744","01:25:08.9938526","2.20:15:02.4600880","13:54:10.3003775",,"2.01:46:06.4235716","00:04:27.6942394","03:04:08.0519911","43241935645",,,"0","0","0","0","0","0","0","0","0","0","0","5848322796","0","121615425744","1399,84740924835","1329,85503878593","393,657145904089","1487,8379573822","440,42247221588"
"mht05","00:04:06.2757318","00:07:44.7651778","2.20:42:01.1510859","00:00:08.2620385",,"2.20:31:25.4207934","00:00:06.6141841","00:02:21.1155253","3811925222",,,"93143671","0","0","0","0","0","0","0","0","0","0","119914222","0","2462757318","20,244439125061","19,232217168808","281,131970664227","22,367546081543","326,96346207164"
"gdf01","02:11:05.4391741","01:07:04.5086265","17:32:06.5468125","14:20:20.5376820",,"00:00:00","00:02:12.9876941","02:01:36.5095034","-1789850309339",,,"0","0","0","0","0","0","0","0","0","0","0","3663938926","0","78654391741","531,665365219116","505,08209695816","231,175336659753","605,203698158264","277,000847014884"
"lunchrummet04","00:03:48.4067572","01:21:34.2760249","2.20:17:12.2884926","2.11:35:11.0363797",,"07:18:31.7725744","00:00:04.6744752","00:01:48.8765537","47810727813",,,"0","0","0","0","0","0","0","0","0","0","0","223454833","0","2284067572","13,064151763916","12,4109441757202","195,613297873977","15,2973861694336","241,107535018062"
"gemhstl1anmalan","00:06:24.0318354","00:12:16.3142129","2.20:17:16.2103835","13:06:48.9656830",,"2.06:52:53.3986865","00:00:06.8397742","00:05:08.5446212","6698141786",,,"0","0","0","0","0","0","0","0","0","0","0","176612603","0","3840318354","16,5270652770996","15,7007120132446","147,181973048687","23,8254060745239","223,344665628953"
"ivfdf05","00:22:01.4405311","00:12:12.7359808","2.20:14:18.0849985","13:48:59.6117497",,"2.05:53:22.2035007","00:00:09.9376150","00:19:25.1133810","5948292170",,,"0","0","0","0","0","0","0","0","0","0","0","747186561","0","13214405311","48,4917669296265","46,0671785831451","125,500799314269","63,7523002624512","173,680370431635"
"res-nrkl1-konferensr","02:23:07.1636421","01:42:17.6195607","2.20:43:48.7294588","00:00:05.2213573",,"2.16:41:58.8689046","00:01:22.9548899","00:27:27.6468993","59174755548",,,"1305181523","0","0","0","0","0","0","0","0","0","0","5686875048","0","85871636421","234,664306640625","222,931091308594","93,4594893215139","372,749183654785","156,267787256126"
"res-hstl1-rullpallen","02:31:17.2809773","01:31:26.7383703","2.20:44:26.9326559","00:00:04.9812468",,"2.16:46:10.5146164","00:01:18.2332466","00:23:08.8231930","52141558154",,,"1506255255","0","0","0","0","0","0","0","0","0","0","4629461836","0","90772809773","247,054148674011","234,701441240311","93,0813082219295","376,845275878906","149,454775781061"
"gemhstl1bk_arrival","00:55:07.6635483","00:16:17.4396409","2.20:17:52.7417019","12:26:57.1167782",,"2.06:40:38.7877256","00:00:22.9274302","00:53:22.4200275","9091736498",,,"0","0","0","0","0","0","0","0","0","0","0","2206766381","0","33076635483","40,0539417266846","38,0512446403503","41,4142728560362","125,505056381226","136,597388571951"
"res-vstl1-paprika","02:29:48.6880821","01:24:07.1502802","2.20:43:48.1669425","00:00:06.1111406",,"2.16:53:21.8801301","00:01:08.4091864","00:20:10.7808003","48314875897",,,"471904027","0","0","0","0","0","0","0","0","0","0","4168792893","0","89886880821","219,376049041748","208,407246589661","83,467807634448","334,378364562988","133,919666744685"
"res-hst-trucken","02:41:15.2517011","02:10:20.0018116","2.20:43:51.3700799","00:00:01.7175259",,"2.15:55:48.7535558","00:01:45.5298515","00:32:14.6014359","76056472971",,,"1249089935","0","0","0","0","0","0","0","0","0","0","6661142030","0","96752517011","206,652558326721","196,319930410385","73,0473760591711","346,279692649841","128,84490575038"
"res-hstl1-litet","02:46:45.5370495","02:10:22.5451593","2.20:44:17.8388788","00:00:01.6195243",,"2.15:51:58.2218293","00:01:29.2791996","00:36:16.1340236","75324604757",,,"1133598856","0","0","0","0","0","0","0","0","0","0","7387123224","0","100055370495","172,929616928101","164,283136081696","59,1091999328171","358,07865524292","128,836978214871"
"res-nrkl1-rodarummet","02:30:35.1116706","01:24:16.4659977","2.20:44:26.5732763","00:00:03.3225610",,"2.16:53:20.3489209","00:01:04.9892812","00:21:39.0996064","48277901238",,,"555479854","0","0","0","0","0","0","0","0","0","0","4489385350","0","90351116706","203,802695274353","193,612560510635","77,144062325906","322,224049568176","128,388737265978"
"GEMGBGCGgoteborgmartinolssoncasharse","00:06:42.3133779","00:10:11.8138999","2.20:16:21.4758820","13:33:37.6097692",,"2.06:26:40.5827948","00:00:05.1422895","00:05:39.7151462","5609699401",,,"0","0","0","0","0","0","0","0","0","0","0","276102282","0","4023133779","6,69922542572021","6,3642641544342","56,9490159028667","13,4823942184448","120,643811149789"
"gemserveraskolan","00:09:15.9541965","00:14:46.2055130","2.20:14:10.1787272","15:11:08.7629825",,"2.04:40:17.8346817","00:00:06.5405722","00:07:41.6636213","8076268665",,,"0","0","0","0","0","0","0","0","0","0","0","287794038","0","5559541965","13,4398241043091","12,7678328990936","82,6762325495587","18,0062770843506","116,597010890019"
"res-jnks1-videokonf","01:45:55.1464700","00:34:43.7490956","2.20:44:27.7451520","00:00:02.9475765",,"2.18:26:24.3782560","00:00:33.4299927","00:05:25.7342586","19252728495",,,"12971357","0","0","0","0","0","0","0","0","0","0","953518636","0","63551464700","165,823621749878","157,532440662384","89,2374061025509","200,140568733215","113,373633611874"
"res-mlml1-videokonf","01:43:27.8304311","00:38:50.5356104","2.20:44:21.1982683","00:00:02.6351092",,"2.18:25:47.1439255","00:00:28.4763638","00:05:17.5285459","21035888025",,,"61731097","0","0","0","0","0","0","0","0","0","0","986637266","0","62078304311","145,250441551209","137,987919473648","80,0209534745797","182,987981796265","106,117063244239"
"orderkontoret.norrkoping","00:05:40.3289459","00:10:11.0170710","2.20:15:22.7726302","13:40:19.8137490",,"2.06:21:31.1915104","00:00:03.5158260","00:03:10.8435382","4714384249",,,"0","0","0","0","0","0","0","0","0","0","0","40175320","0","3403289459","8,57529926300049","8,14653429985046","86,1740496445432","9,95881175994873","105,344322802181"
"res-lull1-videokon","01:34:29.2864566","00:42:07.5769097","2.20:44:19.4482655","00:00:01.9632617",,"2.18:30:39.8476753","00:00:23.3060717","00:03:57.2764348","23483508719",,,"12971357","0","0","0","0","0","0","0","0","0","0","680599126","0","56692864566","121,489461898804","115,414988803864","73,2885810012659","149,411742210388","94,8765380043925"
"GEMHSTL1Franvaromartinserverase","00:16:29.3765354","00:10:53.5802011","2.20:18:04.4761096","12:39:05.1964715",,"2.07:11:20.0260645","00:00:06.3507135","00:16:28.5574164","6698770382",,,"0","0","0","0","0","0","0","0","0","0","0","591982750","0","9893765354","3,1902904510498","3,03077592849731","11,0279483616206","25,0864925384521","91,2810946157272"
"gemgbgs1goteborg","00:05:10.7662556","00:13:10.3920452","2.20:14:03.8505748","14:46:28.7285399",,"2.05:11:15.4947902","00:00:03.9580788","00:02:56.8757871","6688609891",,,"0","0","0","0","0","0","0","0","0","0","0","21590976","0","3107662556","6,45199203491211","6,1293924331665","71,0045327051249","7,77430629730225","90,059657913155"
"dfavd05","00:01:38.7970647","00:08:52.4856002","2.20:19:32.0856783","11:42:53.3923388",,"2.08:27:03.7702262","00:00:03.1836262","00:00:36.8741870","4761260486",,,"0","0","0","0","0","0","0","0","0","0","0","4839397","0","987970647","2,08710098266602","1,98274593353271","72,2479496976166","2,44413566589355","89,0602208065074"
"res-hstl1-driftkonf2","02:57:55.0829736","01:38:49.7739243","2.20:43:48.8075715","00:08:25.9324502",,"2.16:01:32.6293076","00:01:01.8739625","00:23:10.8250690","57551628401",,,"737188919","0","0","0","0","0","0","0","0","0","0","4625431814","0","106750829736","136,345488548279","129,528214120865","43,6813064580669","238,940432548523","80,5788169798739"
"res-suns1-videokonf","01:36:53.6037185","00:50:11.3096671","2.20:43:47.8700686","00:00:05.1116954",,"2.18:18:20.5960728","00:00:25.6896710","00:05:31.1709839","29085585819",,,"155187446","0","0","0","0","0","0","0","0","0","0","1148785364","0","58136037185","79,9259033203125","75,9296081542969","47,0184420182662","123,505845069885","76,4794203011667"
"res-hstl1-driftkonf1","02:28:02.4584351","01:15:00.3975539","2.20:44:28.4170244","00:00:03.4158952",,"2.17:05:15.0101748","00:00:56.9403412","00:20:20.5535397","42675325193",,,"467350180","0","0","0","0","0","0","0","0","0","0","4316358655","0","88824584351","81,6900424957275","77,6055403709412","31,4529977682066","186,985514640808","75,7839575186631"
"res-vstl1-choklad","02:30:29.7621931","01:07:41.4858713","2.20:44:21.1826437","00:00:02.3070019",,"2.17:09:51.3840999","00:00:47.5053719","00:13:30.9535015","38377293488",,,"0","0","0","0","0","0","0","0","0","0","0","2636516923","0","90297621931","92,3164138793945","87,7005931854248","34,9646124356171","180,1890001297","71,8380381005606"
"res-nrkl1-blarummet","02:26:18.3682417","01:15:48.8300116","2.20:43:54.2294633","00:00:02.7484974",,"2.17:05:06.5098195","00:00:50.6406081","00:18:29.1075647","43466029047",,,"591594599","0","0","0","0","0","0","0","0","0","0","3878920374","0","87783682417","77,3139686584473","73,4482702255249","30,1210618570136","171,419735908508","70,2990615430279"
"res-nrkl1-horsalen","01:38:14.9202834","00:52:34.8362763","2.20:43:49.6669389","00:00:05.4254771",,"2.18:15:13.9080572","00:00:28.0864010","00:07:59.1173032","30154131212",,,"155187446","0","0","0","0","0","0","0","0","0","0","1879181509","0","58949202834","37,9987297058105","36,09879322052","22,0453626760357","83,0588655471802","50,7236572497615"
"res-nrkl1-gronarumme","01:47:48.5218492","00:49:31.6445785","2.20:43:39.6512968","00:00:05.5186005",,"2.18:08:40.3759954","00:00:31.5054305","00:08:53.8694842","28252348517",,,"107521551","0","0","0","0","0","0","0","0","0","0","1894821795","0","64685218492","35,886775970459","34,092437171936","18,9738516279649","90,8134355545044","50,5414336718441"
"res-hstl1-lastbilen","02:15:44.1449280","01:13:32.2018596","2.20:43:09.3074867","00:21:55.3674162",,"2.16:54:46.7032512","00:00:35.9632006","00:16:29.7047097","42430918913",,,"1055626937","0","0","0","0","0","0","0","0","0","0","3647962788","0","81441449280","46,1420087814331","43,8349083423615","19,3765793005423","101,924917221069","45,0544170369962"
"res-uvas3-videokonf","01:14:19.8452511","00:31:34.3428936","2.20:43:49.5263235","00:00:05.4719523",,"2.18:59:17.5544983","00:00:11.5937539","00:02:29.5769986","18066546218",,,"12971357","0","0","0","0","0","0","0","0","0","0","459321253","0","44598452511","26,885440826416","25,5411687850952","20,6169053968104","42,7045125961304","34,4712062168863"
"gemgbgs1register","00:12:53.9545927","00:11:22.9078799","2.20:14:40.0850272","13:35:01.3911817",,"2.06:16:50.3158997","00:00:06.4106688","00:11:12.1910199","5944233531",,,"0","0","0","0","0","0","0","0","0","0","0","413283598","0","7739545927","1,99426174163818","1,89454865455627","8,81237119171189","6,21071720123291","28,8887515305502"
"res-nrkl1-projliten","00:57:54.7761922","00:32:14.2479584","2.20:44:18.4013887","00:00:04.5124999",,"2.19:15:57.4004017","00:00:10.2483427","00:02:47.0941714","18217122949",,,"25942725","0","0","0","0","0","0","0","0","0","0","551961616","0","34747761922","8,701096534729","8,26604170799255","8,5639328989222","23,1320867538452","23,965719720532"
"AktivitetVF","00:02:02.2346472","00:08:55.5635372","2.20:17:58.8042301","12:29:05.4608748",,"2.07:38:58.8733825","00:00:03.0905986","00:00:53.8116835","4722353256",,,"0","0","0","0","0","0","0","0","0","0","0","27595267","0","1222346472","0,392327308654785","0,372710943222046","10,9769155172836","0,760580062866211","22,4002628472294"
"res-vstl1-apelsin","02:15:10.5803208","00:55:31.8520269","2.20:43:16.6200014","00:21:46.5080199",,"2.17:13:53.3676000","00:00:20.1801411","00:05:37.1123246","31461640607",,,"0","0","0","0","0","0","0","0","0","0","0","1142934197","0","81105803208","17,2719173431396","16,4083214759827","7,28307408066099","49,6682062149048","22,0459616083329"
"res-sthhk-videocl","01:02:55.7554247","00:13:57.2625989","2.20:44:30.9326627","00:00:01.1664173",,"2.19:30:00.8982459","00:00:08.0067424","00:01:11.8570887","6931125748",,,"140809445","0","0","0","0","0","0","0","0","0","0","181007855","0","37757554247","7,13831520080566","6,78139944076538","6,46573605563848","16,6429891586304","15,8682844177678"
"res-hstl1-projektor","00:52:57.1188114","00:23:16.5520676","2.20:43:40.2450521","00:00:05.3147145",,"2.19:28:26.0426317","00:00:06.6382115","00:01:26.9435590","13317688945",,,"142059811","0","0","0","0","0","0","0","0","0","0","265438083","0","31771188114","2,91177749633789","2,766188621521","3,13437413852567","9,75134658813477","11,0492713056004"
"GEMHSTL1hrlcmartinserverase","00:02:24.0940712","00:10:49.5481974","2.20:14:53.0850694","14:33:43.7737855",,"2.05:28:27.0752818","00:00:03.0258316","00:01:42.6550518","6181419309",,,"0","0","0","0","0","0","0","0","0","0","0","2177043","0","1440940712","0,102531433105469","0,0974048614501953","2,43353177754272","0,205387115478516","5,13132573439743"
"GEMHSTL1Frysavdelningenmartinserverase","00:01:30.0941794","00:07:24.8604559","2.20:14:57.0538271","15:02:49.3244100",,"2.05:03:53.2127318","00:00:02.1577573","00:00:47.6439871","4044225059",,,"0","0","0","0","0","0","0","0","0","0","0","470035","0","900941794","0,00455856323242188","0,00433063507080078","0,173044322715512","0,0425310134887695","1,69946215814659"
"GEMHSTL1VaruvardKolmartinserverase","00:00:05.1406656","00:02:35.4693383","2.20:18:48.9605848","2.15:42:55.9804198",,"04:33:17.3545870","00:00:00","00:00:00","1504849124",,,"0","0","0","0","0","0","0","0","0","0","0","0","0","51406656","57,9182348251343","0","0","0","0"
"VFV05","00:00:05.0937977","00:02:35.2662047","2.20:18:46.1636941","2.15:42:52.2616634",,"04:33:18.2764503","00:00:00","00:00:00","1505317827",,,"0","0","0","0","0","0","0","0","0","0","0","0","0","50937977","1221,55668544769","0","0","0","0"
"GEMUMEL1RUUMEaserverase","00:00:04.0469018","00:02:00.3596360","2.20:18:02.1636055","2.15:42:45.5118855",,"04:33:16.1358158","00:00:00","00:00:00","1164690024",,,"0","0","0","0","0","0","0","0","0","0","0","0","0","40469018","13,9045162200928","0","0","0","0"
"GEMHSTL1IVFUtlastningmartinserverase","00:00:09.9687774","00:15:01.2831944","2.20:18:44.0074395","18:18:26.9570336",,"04:35:22.4486291","00:00:00","00:00:00","1634846329994",,,"0","0","0","0","0","0","0","0","0","0","0","0","0","99687774","383,763315200806","0","0","0","0"
"gemhelgjour","00:00:05.0781705","00:02:35.5005667","2.20:17:58.8823432","2.15:42:13.4959577",,"04:33:09.7451845","00:00:00","00:00:00","1505630305",,,"0","0","0","0","0","0","0","0","0","0","0","0","0","50781705","32,0900917053223","0","0","0","0"
"gemnrkl1norrkoping","00:00:04.0000368","00:02:46.2194168","2.20:17:15.4916217","2.15:41:17.7301259",,"04:33:10.0576834","00:00:00","00:00:00","1637037756",,,"0","0","0","0","0","0","0","0","0","0","0","0","0","40000368","318,076912879944","0","0","0","0"
"receptionen04","00:00:03.4218982","00:02:28.2661369","2.20:17:35.3354202","2.15:42:18.6835118",,"04:32:48.1201402","00:00:00","00:00:00","1451098700",,,"0","0","0","0","0","0","0","0","0","0","0","0","0","34218982","2,07133674621582","0","0","0","0"
"tan05","00:00:01.1875088","00:02:41.4693797","2.20:25:23.1020501","2.15:49:37.2937443",,"04:33:04.1201727","00:00:00","00:00:00","1605006243",,,"0","0","0","0","0","0","0","0","0","0","0","0","0","11875088","18052,3571796417","0","0","0","0"
"isy01","00:00:01.1562565","00:02:41.4381394","2.20:19:16.7887587","2.15:43:30.4491986",,"04:33:04.6670497","00:00:00","00:00:00","1605162539",,,"0","0","0","0","0","0","0","0","0","0","0","0","0","11562565","30,1581449508667","0","0","0","0"
"vru05","00:00:00","00:00:00","2.20:19:39.5544425","2.15:44:22.8243529",,"04:35:16.7300896","00:00:00","00:00:00","0",,,"0","0","0","0","0","0","0","0","0","0","0","0","0","0","167,843322753906","0","NaN","0","NaN"
"vso04","00:00:00","00:00:00","2.20:20:05.8044924","2.15:44:24.0899747",,"04:35:41.7145177","00:00:00","00:00:00","0",,,"0","0","0","0","0","0","0","0","0","0","0","0","0","0","2101,78071498871","0","NaN","0","NaN"
"ivk05","00:00:00","00:00:00","2.20:16:27.2102696","2.15:42:11.2305747",,"04:34:15.9796949","00:00:00","00:00:00","0",,,"0","0","0","0","0","0","0","0","0","0","0","0","0","0","17,8602476119995","0","NaN","0","NaN"
"GEMHSTL1psfvmartinserverase","00:00:00","00:00:00","2.20:19:32.5075488","2.15:43:40.0117740",,"04:35:52.4957748","00:00:00","00:00:00","0",,,"0","0","0","0","0","0","0","0","0","0","0","0","0","0","22,8230981826782","0","NaN","0","NaN"
"GEMHSTL1psfgmartinserverase","00:00:00","00:00:00","2.20:16:30.7727831","2.15:42:14.8555802",,"04:34:15.9172029","00:00:00","00:00:00","0",,,"0","0","0","0","0","0","0","0","0","0","0","0","0","0","3,48197937011719","0","NaN","0","NaN"
"GEMHSTL1ProduktionsledningKOLmartinserverase","00:00:00","00:00:00","2.20:18:02.5854792","2.15:43:16.5432143",,"04:34:46.0422649","00:00:00","00:00:00","0",,,"0","0","0","0","0","0","0","0","0","0","0","0","0","0","21,7372512817383","0","NaN","0","NaN"
"GEMHSTL1ProduktDF","00:00:00","00:00:00","2.20:20:22.1639080","2.15:44:26.0743514",,"04:35:56.0895566","00:00:00","00:00:00","0",,,"0","0","0","0","0","0","0","0","0","0","0","0","0","0","13,2548313140869","0","NaN","0","NaN"
"GEMHSTL1Palladminmartinserverase","00:00:00","00:00:00","2.20:16:26.3196420","2.15:42:09.0118179",,"04:34:17.3078241","00:00:00","00:00:00","0",,,"0","0","0","0","0","0","0","0","0","0","0","0","0","0","3499,80034637451","0","NaN","0","NaN"
"GEMGBGCGwebordergoteborgmartinserverase","00:00:00","00:00:00","2.20:15:48.4133175","2.15:41:31.0117374",,"04:34:17.4015801","00:00:00","00:00:00","0",,,"0","0","0","0","0","0","0","0","0","0","0","0","0","0","0,343096733093262","0","NaN","0","NaN"
"ruh05","00:00:00","00:00:00","2.20:15:54.6477014","2.15:42:15.9649553",,"04:33:38.6827461","00:00:00","00:00:00","0",,,"0","0","0","0","0","0","0","0","0","0","0","0","0","0","1749,92346191406","0","NaN","0","NaN"
"vdf05","00:00:00","00:00:00","2.20:17:16.2885002","2.15:42:59.9181767",,"04:34:16.3703235","00:00:00","00:00:00","0",,,"0","0","0","0","0","0","0","0","0","0","0","0","0","0","640,47015953064","0","NaN","0","NaN"
"GEMGBGCGGoteborgmartinserverase","00:00:00","00:00:00","2.20:18:03.6792288","2.15:43:07.9650648",,"04:34:55.7141640","00:00:00","00:00:00","0",,,"0","0","0","0","0","0","0","0","0","0","0","0","0","0","0,00441074371337891","0","NaN","0","NaN"
"utn14","00:00:00","00:00:00","2.20:19:33.6325489","2.15:43:40.4336446",,"04:35:53.1989043","00:00:00","00:00:00","0",,,"0","0","0","0","0","0","0","0","0","0","0","0","0","0","12,2227230072021","0","NaN","0","NaN"
"fog04","00:00:00","00:00:00","2.20:17:11.1478591","2.15:42:35.9649913",,"04:34:35.1828678","00:00:00","00:00:00","0",,,"0","0","0","0","0","0","0","0","0","0","0","0","0","0","91,5377311706543","0","NaN","0","NaN"
"tlm05","00:00:00","00:00:00","2.20:17:09.2884847","2.15:42:34.2931180",,"04:34:34.9953667","00:00:00","00:00:00","0",,,"0","0","0","0","0","0","0","0","0","0","0","0","0","0","2887,44912528992","0","NaN","0","NaN"
"gemumel1umea","00:00:00","00:00:00","2.20:17:55.6323340","2.15:42:41.1993418",,"04:35:14.4329922","00:00:00","00:00:00","0",,,"0","0","0","0","0","0","0","0","0","0","0","0","0","0","294,39607334137","0","NaN","0","NaN"
"afg05","00:00:00","00:00:00","2.20:15:12.4601112","2.15:41:57.9805409",,"04:33:14.4795703","00:00:00","00:00:00","0",,,"0","0","0","0","0","0","0","0","0","0","0","0","0","0","2294,38194561005","0","NaN","0","NaN"
"tlg05","00:00:00","00:00:00","2.20:15:34.2101547","2.15:41:56.0586662",,"04:33:38.1514885","00:00:00","00:00:00","0",,,"0","0","0","0","0","0","0","0","0","0","0","0","0","0","5300,70693206787","0","NaN","0","NaN"
"utn04","00:00:00","00:00:00","2.20:17:34.8197855","2.15:43:15.2619578",,"04:34:19.5578277","00:00:00","00:00:00","0",,,"0","0","0","0","0","0","0","0","0","0","0","0","0","0","24,4438600540161","0","NaN","0","NaN"
"kontroll04","00:00:00","00:00:00","2.20:17:46.1948159","2.15:43:14.7150805",,"04:34:31.4797354","00:00:00","00:00:00","0",,,"0","0","0","0","0","0","0","0","0","0","0","0","0","0","527,501979827881","0","NaN","0","NaN"
"fvv04","00:00:00","00:00:00","2.20:20:07.8513743","2.15:44:25.8556100",,"04:35:41.9957643","00:00:00","00:00:00","0",,,"0","0","0","0","0","0","0","0","0","0","0","0","0","0","98,2417154312134","0","NaN","0","NaN"
"vrm04","00:00:00","00:00:00","2.20:19:16.9293874","2.15:43:37.1680101",,"04:35:39.7613773","00:00:00","00:00:00","0",,,"0","0","0","0","0","0","0","0","0","0","0","0","0","0","1253,01417255402","0","NaN","0","NaN"
"vsh05","00:00:00","00:00:00","2.20:19:48.0544597","2.15:44:26.4181033",,"04:35:21.6363564","00:00:00","00:00:00","0",,,"0","0","0","0","0","0","0","0","0","0","0","0","0","0","538,729228019714","0","NaN","0","NaN"
"GEMNRKL1fredagutskickserverase","00:00:00","00:00:00","2.20:15:42.4289249","2.15:41:30.5742478",,"04:34:11.8546771","00:00:00","00:00:00","0",,,"0","0","0","0","0","0","0","0","0","0","0","0","0","0","701,899451255798","0","NaN","0","NaN"
"gemhstl1ivfexport","00:00:00","00:00:00","2.20:17:26.9447715","2.15:43:15.9963313",,"04:34:10.9484402","00:00:00","00:00:00","0",,,"0","0","0","0","0","0","0","0","0","0","0","0","0","0","6229,04567909241","0","NaN","0","NaN"
"svk05","00:00:00","00:00:00","2.20:15:12.4444841","2.15:41:30.2461048",,"04:33:42.1983793","00:00:00","00:00:00","0",,,"0","0","0","0","0","0","0","0","0","0","0","0","0","0","64,2527103424072","0","NaN","0","NaN"
"akc05","00:00:00","00:00:00","2.20:16:43.2728085","2.15:43:00.3088002",,"04:33:42.9640083","00:00:00","00:00:00","0",,,"0","0","0","0","0","0","0","0","0","0","0","0","0","0","5147,77018260956","0","NaN","0","NaN"
"gemjnks1jonkoping","00:00:00","00:00:00","2.20:20:08.9451212","2.15:44:23.4806044",,"04:35:45.4645168","00:00:00","00:00:00","0",,,"0","0","0","0","0","0","0","0","0","0","0","0","0","0","288,153583526611","0","NaN","0","NaN"
"fastighet04","00:00:00","00:00:00","2.20:17:12.2728743","2.15:42:35.6212528",,"04:34:36.6516215","00:00:00","00:00:00","0",,,"0","0","0","0","0","0","0","0","0","0","0","0","0","0","2,14086723327637","0","NaN","0","NaN"
"gemklmr1transport","00:00:00","00:00:00","2.20:17:55.6010893","2.15:42:40.8243512",,"04:35:14.7767381","00:00:00","00:00:00","0",,,"0","0","0","0","0","0","0","0","0","0","0","0","0","0","78,2943553924561","0","NaN","0","NaN"
"gemnrkl1ivf","00:00:00","00:00:00","2.20:16:25.8977687","2.15:42:17.3087104",,"04:34:08.5890583","00:00:00","00:00:00","0",,,"0","0","0","0","0","0","0","0","0","0","0","0","0","0","71,2982540130615","0","NaN","0","NaN"
